dates,events
2010-07-01,Product
2010-07-02,Product
2010-07-03,Product
2010-07-04,Product
2010-07-05,Product
2010-07-06,Product
2010-07-07,Product
2010-07-08,Product
2010-07-09,Product
2010-07-10,Product
2010-07-11,Product
2010-07-12,Product
2010-07-13,Product
2010-07-14,Product
2010-07-15,Product
2011-01-01,Acquisitions
2011-01-02,Acquisitions
2011-01-03,Acquisitions
2011-01-04,Acquisitions
2011-01-05,Acquisitions
2011-01-06,Acquisitions
2011-01-07,Acquisitions
2011-01-08,Acquisitions
2011-01-09,Acquisitions
2011-01-10,Acquisitions
2011-01-11,Acquisitions
2011-01-12,Acquisitions
2011-01-13,Acquisitions
2011-01-14,Acquisitions
2011-01-15,Acquisitions
2011-02-16,Competition
2011-02-17,Competition
2011-02-18,Competition
2011-02-19,Competition
2011-02-20,Competition
2011-02-21,Competition
2011-02-22,Competition
2011-02-23,Competition
2011-02-24,Competition
2011-02-25,Competition
2011-02-26,Competition
2011-02-27,Competition
2011-02-28,Competition
2011-02-29,Competition
2011-03-30,Competition
2011-02-22,Product
2011-02-23,Product
2011-02-24,Product
2011-02-25,Product
2011-02-26,Product
2011-02-27,Product
2011-02-28,Product
2011-02-29,Product
2011-03-30,Product
2011-03-10,Product
2011-03-11,Product
2011-03-12,Product
2011-03-13,Product
2011-03-14,Product
2011-03-15,Product
2011-03-22,Product
2011-03-23,Product
2011-03-24,Product
2011-03-25,Product
2011-03-26,Product
2011-03-27,Product
2011-03-28,Product
2011-03-29,Product
2011-04-30,Product
2011-04-10,Product
2011-04-11,Product
2011-04-12,Product
2011-04-13,Product
2011-04-14,Product
2011-04-15,Product
2011-07-01,Legal
2011-07-02,Legal
2011-07-03,Legal
2011-07-04,Legal
2011-07-05,Legal
2011-07-06,Legal
2011-07-07,Legal
2011-07-08,Legal
2011-07-09,Legal
2011-07-10,Legal
2011-07-11,Legal
2011-07-12,Legal
2011-07-13,Legal
2011-07-14,Legal
2011-07-15,Legal
2011-09-01,Product
2011-09-02,Product
2011-09-03,Product
2011-09-04,Product
2011-09-05,Product
2011-09-06,Product
2011-09-07,Product
2011-09-08,Product
2011-09-09,Product
2011-09-10,Product
2011-09-11,Product
2011-09-12,Product
2011-09-13,Product
2011-09-14,Product
2011-09-15,Product
2011-09-28,Product
2011-09-29,Product
2011-10-30,Product
2011-10-04,Product
2011-10-05,Product
2011-10-06,Product
2011-10-07,Product
2011-10-08,Product
2011-10-09,Product
2011-10-10,Product
2011-10-11,Product
2011-10-12,Product
2011-10-13,Product
2011-10-14,Product
2011-10-15,Product
2012-04-01,Legal
2012-04-02,Legal
2012-04-03,Legal
2012-04-04,Legal
2012-04-05,Legal
2012-04-06,Legal
2012-04-07,Legal
2012-04-08,Legal
2012-04-09,Legal
2012-04-10,Legal
2012-04-11,Legal
2012-04-12,Legal
2012-04-13,Legal
2012-04-14,Legal
2012-04-15,Legal
2012-03-19,Acquisitions
2012-03-20,Acquisitions
2012-03-21,Acquisitions
2012-03-22,Acquisitions
2012-03-23,Acquisitions
2012-03-24,Acquisitions
2012-03-25,Acquisitions
2012-03-26,Acquisitions
2012-03-27,Acquisitions
2012-03-28,Acquisitions
2012-03-29,Acquisitions
2012-04-30,Acquisitions
2012-04-13,Acquisitions
2012-04-14,Acquisitions
2012-04-15,Acquisitions
2012-04-01,Legal
2012-04-02,Legal
2012-04-03,Legal
2012-04-04,Legal
2012-04-05,Legal
2012-04-06,Legal
2012-04-07,Legal
2012-04-08,Legal
2012-04-09,Legal
2012-04-10,Legal
2012-04-11,Legal
2012-04-12,Legal
2012-04-13,Legal
2012-04-14,Legal
2012-04-15,Legal
2012-09-06,Product
2012-09-07,Product
2012-09-08,Product
2012-09-09,Product
2012-09-10,Product
2012-09-11,Product
2012-09-12,Product
2012-09-13,Product
2012-09-14,Product
2012-09-15,Product
2012-09-16,Product
2012-09-17,Product
2012-09-18,Product
2012-09-19,Product
2012-09-20,Product
2013-03-01,Acquisitions
2013-03-02,Acquisitions
2013-03-03,Acquisitions
2013-03-04,Acquisitions
2013-03-05,Acquisitions
2013-03-06,Acquisitions
2013-03-07,Acquisitions
2013-03-08,Acquisitions
2013-03-09,Acquisitions
2013-03-10,Acquisitions
2013-03-11,Acquisitions
2013-03-12,Acquisitions
2013-03-13,Acquisitions
2013-03-14,Acquisitions
2013-03-15,Acquisitions
2013-06-01,Acquisitions
2013-06-02,Acquisitions
2013-06-03,Acquisitions
2013-06-04,Acquisitions
2013-06-05,Acquisitions
2013-06-06,Acquisitions
2013-06-07,Acquisitions
2013-06-08,Acquisitions
2013-06-09,Acquisitions
2013-06-10,Acquisitions
2013-06-11,Acquisitions
2013-06-12,Acquisitions
2013-06-13,Acquisitions
2013-06-14,Acquisitions
2013-06-15,Acquisitions
2014-07-25,Product
2014-07-26,Product
2014-07-27,Product
2014-07-28,Product
2014-07-29,Product
2014-08-30,Product
2014-08-07,Product
2014-08-08,Product
2014-08-09,Product
2014-08-10,Product
2014-08-11,Product
2014-08-12,Product
2014-08-13,Product
2014-08-14,Product
2014-08-15,Product
2014-08-25,Acquisitions
2014-08-26,Acquisitions
2014-08-27,Acquisitions
2014-08-28,Acquisitions
2014-08-29,Acquisitions
2014-09-30,Acquisitions
2014-09-07,Acquisitions
2014-09-08,Acquisitions
2014-09-09,Acquisitions
2014-09-10,Acquisitions
2014-09-11,Acquisitions
2014-09-12,Acquisitions
2014-09-13,Acquisitions
2014-09-14,Acquisitions
2014-09-15,Acquisitions
2014-10-01,Legal
2014-10-02,Legal
2014-10-03,Legal
2014-10-04,Legal
2014-10-05,Legal
2014-10-06,Legal
2014-10-07,Legal
2014-10-08,Legal
2014-10-09,Legal
2014-10-10,Legal
2014-10-11,Legal
2014-10-12,Legal
2014-10-13,Legal
2014-10-14,Legal
2014-10-15,Legal
2014-11-06,Product
2014-11-07,Product
2014-11-08,Product
2014-11-09,Product
2014-11-10,Product
2014-11-11,Product
2014-11-12,Product
2014-11-13,Product
2014-11-14,Product
2014-11-15,Product
2014-11-16,Product
2014-11-17,Product
2014-11-18,Product
2014-11-19,Product
2014-11-20,Product
2014-11-01,Legal
2014-11-02,Legal
2014-11-03,Legal
2014-11-04,Legal
2014-11-05,Legal
2014-11-06,Legal
2014-11-07,Legal
2014-11-08,Legal
2014-11-09,Legal
2014-11-10,Legal
2014-11-11,Legal
2014-11-12,Legal
2014-11-13,Legal
2014-11-14,Legal
2014-11-15,Legal
2015-07-01,Competition
2015-07-02,Competition
2015-07-03,Competition
2015-07-04,Competition
2015-07-05,Competition
2015-07-06,Competition
2015-07-07,Competition
2015-07-08,Competition
2015-07-09,Competition
2015-07-10,Competition
2015-07-11,Competition
2015-07-12,Competition
2015-07-13,Competition
2015-07-14,Competition
2015-07-15,Competition
2015-08-26,Product
2015-08-27,Product
2015-08-28,Product
2015-08-29,Product
2015-09-30,Product
2015-09-06,Product
2015-09-07,Product
2015-09-08,Product
2015-09-09,Product
2015-09-10,Product
2015-09-11,Product
2015-09-12,Product
2015-09-13,Product
2015-09-14,Product
2015-09-15,Product
2015-09-08,Product
2015-09-09,Product
2015-09-10,Product
2015-09-11,Product
2015-09-12,Product
2015-09-13,Product
2015-09-14,Product
2015-09-15,Product
2015-09-16,Product
2015-09-17,Product
2015-09-18,Product
2015-09-19,Product
2015-09-20,Product
2015-09-21,Product
2015-09-22,Product
2015-11-02,Product
2015-11-03,Product
2015-11-04,Product
2015-11-05,Product
2015-11-06,Product
2015-11-07,Product
2015-11-08,Product
2015-11-09,Product
2015-11-10,Product
2015-11-11,Product
2015-11-12,Product
2015-11-13,Product
2015-11-14,Product
2015-11-15,Product
2015-11-16,Product
2015-12-14,Company
2015-12-15,Company
2015-12-16,Company
2015-12-17,Company
2015-12-18,Company
2015-12-19,Company
2015-12-20,Company
2015-12-21,Company
2015-12-22,Company
2015-12-23,Company
2015-12-24,Company
2015-12-25,Company
2015-12-26,Company
2015-12-27,Company
2015-12-28,Company
2016-12-07,Delivery
2016-12-08,Delivery
2016-12-09,Delivery
2016-12-10,Delivery
2016-12-11,Delivery
2016-12-12,Delivery
2016-12-13,Delivery
2016-12-14,Delivery
2016-12-15,Delivery
2016-12-16,Delivery
2016-12-17,Delivery
2016-12-18,Delivery
2016-12-19,Delivery
2016-12-20,Delivery
2016-12-21,Delivery
2017-06-15,Acquisitions
2017-06-16,Acquisitions
2017-06-17,Acquisitions
2017-06-18,Acquisitions
2017-06-19,Acquisitions
2017-06-20,Acquisitions
2017-06-21,Acquisitions
2017-06-22,Acquisitions
2017-06-23,Acquisitions
2017-06-24,Acquisitions
2017-06-25,Acquisitions
2017-06-26,Acquisitions
2017-06-27,Acquisitions
2017-06-28,Acquisitions
2017-06-29,Acquisitions
2017-09-07,Company
2017-09-08,Company
2017-09-09,Company
2017-09-10,Company
2017-09-11,Company
2017-09-12,Company
2017-09-13,Company
2017-09-14,Company
2017-09-15,Company
2017-09-16,Company
2017-09-17,Company
2017-09-18,Company
2017-09-19,Company
2017-09-20,Company
2017-09-21,Company
2018-01-18,Company
2018-01-19,Company
2018-01-20,Company
2018-01-21,Company
2018-01-22,Company
2018-01-23,Company
2018-01-24,Company
2018-01-25,Company
2018-01-26,Company
2018-01-27,Company
2018-01-28,Company
2018-01-29,Company
2018-02-30,Company
2018-02-14,Company
2018-02-15,Company
2018-01-22,Company
2018-01-23,Company
2018-01-24,Company
2018-01-25,Company
2018-01-26,Company
2018-01-27,Company
2018-01-28,Company
2018-01-29,Company
2018-02-30,Company
2018-02-10,Company
2018-02-11,Company
2018-02-12,Company
2018-02-13,Company
2018-02-14,Company
2018-02-15,Company
2018-09-19,Acquisitions
2018-09-20,Acquisitions
2018-09-21,Acquisitions
2018-09-22,Acquisitions
2018-09-23,Acquisitions
2018-09-24,Acquisitions
2018-09-25,Acquisitions
2018-09-26,Acquisitions
2018-09-27,Acquisitions
2018-09-28,Acquisitions
2018-09-29,Acquisitions
2018-10-30,Acquisitions
2018-10-13,Acquisitions
2018-10-14,Acquisitions
2018-10-15,Acquisitions
2018-10-02,Company
2018-10-03,Company
2018-10-04,Company
2018-10-05,Company
2018-10-06,Company
2018-10-07,Company
2018-10-08,Company
2018-10-09,Company
2018-10-10,Company
2018-10-11,Company
2018-10-12,Company
2018-10-13,Company
2018-10-14,Company
2018-10-15,Company
2018-10-16,Company
2018-11-13,Company
2018-11-14,Company
2018-11-15,Company
2018-11-16,Company
2018-11-17,Company
2018-11-18,Company
2018-11-19,Company
2018-11-20,Company
2018-11-21,Company
2018-11-22,Company
2018-11-23,Company
2018-11-24,Company
2018-11-25,Company
2018-11-26,Company
2018-11-27,Company
2019-02-14,Company
2019-02-15,Company
2019-02-16,Company
2019-02-17,Company
2019-02-18,Company
2019-02-19,Company
2019-02-20,Company
2019-02-21,Company
2019-02-22,Company
2019-02-23,Company
2019-02-24,Company
2019-02-25,Company
2019-02-26,Company
2019-02-27,Company
2019-02-28,Company
